{
  "EGHT": 2.440000057220459,
  "ASPS": 5.28000020980835,
  "FTV": 60.130001068115234,
  "ODFL": 208.5399932861328,
  "SAIA": 405.95001220703125,
  "ENPH": 51.66999816894531,
  "AMC": 1.4700000286102295,
  "AXL": 9.0,
  "WDAY": 170.14999389648438,
  "URI": 848.1300048828125,
  "SW": 44.38999938964844,
  "HPE": 23.239999771118164,
  "NHTC": 4.0,
  "CVGI": 1.6100000143051147,
  "FOR": 29.350000381469727,
  "IP": 44.689998626708984,
  "IEX": 212.25,
  "ALGT": 99.86000061035156,
  "CMG": 39.93000030517578,
  "BZH": 24.540000915527344,
  "BAX": 21.030000686645508,
  "ASGN": 53.279998779296875,
  "LGIH": 58.45000076293945,
  "ANIK": 10.670000076293945,
  "CLW": 17.760000228881836,
  "NTAP": 100.52999877929688,
  "GPN": 70.80000305175781,
  "AIT": 289.94000244140625,
  "CRUS": 134.91000366210938,
  "ARES": 137.22000122070312,
  "CLNE": 2.369999885559082,
  "SRI": 8.130000114440918,
  "HTLD": 11.779999732971191,
  "AMCR": 48.560001373291016,
  "HELE": 18.5,
  "ON": 62.060001373291016,
  "PAYC": 129.83999633789062,
  "GLOB": 60.400001525878906,
  "DK": 32.709999084472656,
  "BCC": 90.2300033569336,
  "MMM": 163.7899932861328,
  "CPB": 28.43000030517578,
  "CTSH": 76.70999908447266,
  "PCG": 16.229999542236328,
  "SWK": 84.62999725341797,
  "ANF": 105.55999755859375,
  "AMBR": 1.9600000381469727,
  "LYB": 57.099998474121094,
  "CF": 94.69999694824219,
  "ADBE": 279.7099914550781,
  "RMD": 263.0299987792969,
  "BIIB": 185.4499969482422,
  "DD": 47.83000183105469,
  "AI": 11.109999656677246,
  "MANH": 138.52000427246094,
  "DOW": 32.400001525878906,
  "ZBRA": 245.25,
  "MKC": 66.58000183105469,
  "BSET": 15.949999809265137,
  "ARCB": 109.55000305175781,
  "FICO": 1386.8800048828125,
  "DVA": 142.05999755859375,
  "CRIS": 0.949999988079071,
  "IBP": 320.7699890136719,
  "ACIW": 40.970001220703125,
  "EFX": 181.0399932861328,
  "EEFT": 70.9800033569336,
  "CPS": 34.63999938964844,
  "RELY": 12.869999885559082,
  "J": 143.3300018310547,
  "IFF": 74.29000091552734,
  "FUL": 66.66000366210938,
  "INTU": 445.6400146484375,
  "PPG": 125.94999694824219,
  "NKE": 64.22000122070312,
  "AMGN": 366.20001220703125,
  "MNRO": 19.719999313354492,
  "CHTR": 224.17999267578125,
  "MAS": 71.41000366210938,
  "AVY": 193.1300048828125,
  "OMC": 69.13999938964844,
  "ROP": 359.7099914550781,
  "LII": 534.530029296875,
  "BLMN": 6.429999828338623,
  "APO": 132.8000030517578,
  "HOV": 123.11000061035156,
  "APOG": 40.5,
  "FANG": 168.99000549316406,
  "CVCO": 505.4599914550781,
  "MPC": 195.9199981689453,
  "GEHC": 82.62999725341797,
  "DLTR": 121.83000183105469,
  "GIS": 48.5,
  "NOW": 111.06999969482422,
  "KR": 66.80000305175781,
  "BALL": 64.80999755859375,
  "AGYS": 86.87999725341797,
  "VTRS": 14.359999656677246,
  "CTRA": 30.489999771118164,
  "KRO": 6.170000076293945,
  "FAST": 48.279998779296875,
  "DE": 567.260009765625,
  "JBHT": 228.22000122070312,
  "ABBV": 217.11000061035156,
  "DVN": 43.38999938964844,
  "PFE": 26.780000686645508,
  "SBUX": 96.97000122070312,
  "CPAY": 300.2799987792969,
  "KWR": 170.5,
  "CLX": 117.7699966430664,
  "CDW": 138.0800018310547,
  "TPL": 346.4700012207031,
  "NXPI": 226.86000061035156,
  "DOV": 220.02000427246094,
  "CRMT": 26.15999984741211,
  "TSCO": 55.279998779296875,
  "UPS": 116.73999786376953,
  "CAL": 13.430000305175781,
  "ALG": 203.22999572753906,
  "GWW": 1194.9300537109375,
  "DELL": 122.04000091552734,
  "FCNCA": 2114.139892578125,
  "FLWS": 4.099999904632568,
  "CZR": 21.950000762939453,
  "JJSF": 84.19999694824219,
  "IMKTA": 83.27999877929688,
  "GRMN": 205.25999450683594,
  "BBY": 68.5,
  "BLDR": 123.80000305175781,
  "CALX": 50.29999923706055,
  "GEN": 22.93000030517578,
  "BFS": 33.61000061035156,
  "CRM": 199.44000244140625,
  "CCS": 68.80999755859375,
  "BRO": 74.02999877929688,
  "CAKE": 61.81999969482422,
  "PSX": 154.69000244140625,
  "OXY": 46.689998626708984,
  "EL": 119.61000061035156,
  "GWRE": 132.17999267578125,
  "EOG": 114.66999816894531,
  "HUBG": 52.529998779296875,
  "FISV": 59.720001220703125,
  "GEF": 75.44000244140625,
  "OTIS": 90.37000274658203,
  "SLB": 51.349998474121094,
  "CNMD": 39.93000030517578,
  "UNP": 249.75999450683594,
  "LLY": 1107.1199951171875,
  "TECH": 68.66999816894531,
  "BEN": 27.829999923706055,
  "FIVN": 17.100000381469727,
  "TAP": 51.310001373291016,
  "DRI": 212.22000122070312,
  "STLD": 198.8800048828125,
  "ACGL": 100.12999725341797,
  "BOX": 24.729999542236328,
  "PKG": 232.4499969482422,
  "CAG": 19.799999237060547,
  "FTNT": 81.12000274658203,
  "EPAM": 184.77999877929688,
  "ZTS": 126.69999694824219,
  "AVX": 0.7269999980926514,
  "EBF": 20.3700008392334,
  "LULU": 178.0,
  "JRVR": 6.949999809265137,
  "APEI": 43.0099983215332,
  "LCUT": 3.319999933242798,
  "CTVA": 75.12000274658203,
  "TYL": 343.239990234375,
  "KFRC": 36.529998779296875,
  "LW": 47.779998779296875,
  "SPG": 195.58999633789062,
  "DIS": 107.05000305175781,
  "GRBK": 75.2699966430664,
  "CB": 329.45001220703125,
  "ARAY": 0.7599999904632568,
  "POWI": 47.25,
  "HIFS": 328.5799865722656,
  "IDT": 48.779998779296875,
  "DRH": 9.630000114440918,
  "WYNN": 114.20999908447266,
  "NVR": 8025.83984375,
  "AMP": 545.5,
  "ALL": 207.1199951171875,
  "ALGN": 161.3000030517578,
  "SBAC": 184.8699951171875,
  "STZ": 166.67999267578125,
  "NPO": 252.97000122070312,
  "PTC": 151.33999633789062,
  "GPC": 147.9499969482422,
  "IR": 97.41000366210938,
  "ITW": 288.79998779296875,
  "IART": 11.079999923706055,
  "GPI": 357.8399963378906,
  "HPQ": 19.81999969482422,
  "BKE": 50.45000076293945,
  "DLX": 28.18000030517578,
  "IOSP": 86.88999938964844,
  "FDS": 225.42999267578125
}