{
  "EGHT": 2.7300000190734863,
  "ASPS": 5.590000152587891,
  "FTV": 60.130001068115234,
  "ODFL": 208.5399932861328,
  "SAIA": 405.95001220703125,
  "ENPH": 51.66999816894531,
  "AMC": 1.4800000190734863,
  "AXL": 9.0,
  "WDAY": 170.14999389648438,
  "URI": 899.5499877929688,
  "SW": 44.38999938964844,
  "HPE": 23.90999984741211,
  "NHTC": 4.0,
  "CVGI": 1.75,
  "FOR": 29.350000381469727,
  "IP": 47.5,
  "IEX": 212.25,
  "ALGT": 114.79000091552734,
  "CMG": 39.93000030517578,
  "BZH": 24.540000915527344,
  "BAX": 21.770000457763672,
  "ASGN": 53.279998779296875,
  "LGIH": 58.45000076293945,
  "ANIK": 10.670000076293945,
  "CLW": 17.760000228881836,
  "NTAP": 100.52999877929688,
  "GPN": 70.80000305175781,
  "AIT": 289.94000244140625,
  "CRUS": 140.10000610351562,
  "ARES": 137.25,
  "CLNE": 2.75,
  "SRI": 8.130000114440918,
  "HTLD": 11.779999732971191,
  "AMCR": 48.560001373291016,
  "HELE": 18.760000228881836,
  "ON": 63.099998474121094,
  "PAYC": 129.83999633789062,
  "GLOB": 60.400001525878906,
  "DK": 35.529998779296875,
  "BCC": 90.2300033569336,
  "MMM": 172.64999389648438,
  "CPB": 28.43000030517578,
  "CTSH": 76.70999908447266,
  "PCG": 16.229999542236328,
  "SWK": 89.38999938964844,
  "ANF": 105.55999755859375,
  "AMBR": 2.1600000858306885,
  "LYB": 57.099998474121094,
  "CF": 94.94000244140625,
  "ADBE": 279.7099914550781,
  "RMD": 267.04998779296875,
  "BIIB": 201.17999267578125,
  "DD": 47.83000183105469,
  "AI": 11.649999618530273,
  "MANH": 148.38999938964844,
  "DOW": 32.400001525878906,
  "ZBRA": 257.7900085449219,
  "MKC": 66.58000183105469,
  "BSET": 15.949999809265137,
  "ARCB": 111.95999908447266,
  "FICO": 1386.8800048828125,
  "DVA": 149.22000122070312,
  "CRIS": 1.0299999713897705,
  "IBP": 320.7699890136719,
  "ACIW": 40.970001220703125,
  "EFX": 199.58999633789062,
  "EEFT": 75.0199966430664,
  "CPS": 34.63999938964844,
  "RELY": 12.869999885559082,
  "J": 150.9600067138672,
  "IFF": 74.29000091552734,
  "FUL": 66.66000366210938,
  "INTU": 445.6400146484375,
  "PPG": 125.94999694824219,
  "NKE": 64.22000122070312,
  "AMGN": 384.32000732421875,
  "MNRO": 20.139999389648438,
  "CHTR": 238.25,
  "MAS": 71.41000366210938,
  "AVY": 193.1300048828125,
  "OMC": 69.13999938964844,
  "ROP": 359.7099914550781,
  "LII": 534.530029296875,
  "BLMN": 7.230000019073486,
  "APO": 132.8000030517578,
  "HOV": 125.87999725341797,
  "APOG": 40.5,
  "FANG": 168.99000549316406,
  "CVCO": 554.2000122070312,
  "MPC": 203.0,
  "GEHC": 82.62999725341797,
  "DLTR": 121.83000183105469,
  "GIS": 48.5,
  "NOW": 111.06999969482422,
  "KR": 66.80000305175781,
  "BALL": 66.19000244140625,
  "AGYS": 86.87999725341797,
  "VTRS": 15.5600004196167,
  "CTRA": 30.489999771118164,
  "KRO": 6.300000190734863,
  "FAST": 48.279998779296875,
  "DE": 567.260009765625,
  "JBHT": 228.22000122070312,
  "ABBV": 217.11000061035156,
  "DVN": 43.38999938964844,
  "PFE": 26.780000686645508,
  "SBUX": 96.97000122070312,
  "CPAY": 354.19000244140625,
  "KWR": 170.5,
  "CLX": 117.7699966430664,
  "CDW": 140.77000427246094,
  "TPL": 374.510009765625,
  "NXPI": 228.91000366210938,
  "DOV": 220.02000427246094,
  "CRMT": 26.15999984741211,
  "TSCO": 55.279998779296875,
  "UPS": 116.73999786376953,
  "CAL": 13.430000305175781,
  "ALG": 203.22999572753906,
  "GWW": 1194.9300537109375,
  "DELL": 122.04000091552734,
  "FCNCA": 2114.139892578125,
  "FLWS": 4.099999904632568,
  "CZR": 21.950000762939453,
  "JJSF": 84.19999694824219,
  "IMKTA": 83.27999877929688,
  "GRMN": 206.02999877929688,
  "BBY": 68.5,
  "BLDR": 123.80000305175781,
  "CALX": 55.56999969482422,
  "GEN": 24.600000381469727,
  "BFS": 34.7400016784668,
  "CRM": 199.44000244140625,
  "CCS": 68.80999755859375,
  "BRO": 74.02999877929688,
  "CAKE": 62.81999969482422,
  "PSX": 154.69000244140625,
  "OXY": 46.689998626708984,
  "EL": 119.61000061035156,
  "GWRE": 132.17999267578125,
  "EOG": 114.66999816894531,
  "HUBG": 52.529998779296875,
  "FISV": 59.720001220703125,
  "GEF": 75.44000244140625,
  "OTIS": 90.37000274658203,
  "SLB": 51.349998474121094,
  "CNMD": 41.52000045776367,
  "UNP": 249.75999450683594,
  "LLY": 1107.1199951171875,
  "TECH": 68.66999816894531,
  "BEN": 27.829999923706055,
  "FIVN": 17.100000381469727,
  "TAP": 51.310001373291016,
  "DRI": 212.22000122070312,
  "STLD": 202.38999938964844,
  "ACGL": 100.12999725341797,
  "BOX": 24.729999542236328,
  "PKG": 232.4499969482422,
  "CAG": 19.799999237060547,
  "FTNT": 85.93000030517578,
  "EPAM": 190.52999877929688,
  "ZTS": 126.69999694824219,
  "AVX": 0.7269999980926514,
  "EBF": 20.3700008392334,
  "LULU": 178.0,
  "JRVR": 6.949999809265137,
  "APEI": 44.279998779296875,
  "LCUT": 3.3399999141693115,
  "CTVA": 75.12000274658203,
  "TYL": 355.239990234375,
  "KFRC": 36.529998779296875,
  "LW": 50.119998931884766,
  "SPG": 195.58999633789062,
  "DIS": 107.05000305175781,
  "GRBK": 75.2699966430664,
  "CB": 329.45001220703125,
  "ARAY": 0.7599999904632568,
  "POWI": 47.25,
  "HIFS": 329.0899963378906,
  "IDT": 48.779998779296875,
  "DRH": 9.630000114440918,
  "WYNN": 117.95999908447266,
  "NVR": 8025.83984375,
  "AMP": 545.5,
  "ALL": 215.19000244140625,
  "ALGN": 192.5,
  "SBAC": 184.8699951171875,
  "STZ": 166.67999267578125,
  "NPO": 252.97000122070312,
  "PTC": 159.74000549316406,
  "GPC": 147.9499969482422,
  "IR": 97.41000366210938,
  "ITW": 288.79998779296875,
  "IART": 11.260000228881836,
  "GPI": 357.8399963378906,
  "HPQ": 19.81999969482422,
  "BKE": 50.45000076293945,
  "DLX": 28.18000030517578,
  "IOSP": 86.88999938964844,
  "FDS": 225.42999267578125,
  "NYT": 69.11000061035156,
  "OXM": 39.720001220703125,
  "MTN": 135.7899932861328,
  "OPY": 90.77999877929688,
  "LOCO": 10.739999771118164,
  "LPX": 94.19000244140625,
  "MTDR": 46.959999084472656,
  "MEG": 24.690000534057617,
  "NMIH": 40.310001373291016,
  "OFLX": 36.70000076293945,
  "MGPI": 26.399999618530273,
  "LPSN": 3.140000104904175,
  "MTRN": 151.6300048828125,
  "MTX": 71.55000305175781,
  "MLAB": 91.52999877929688,
  "NXST": 213.69000244140625,
  "MXL": 17.229999542236328,
  "LXU": 9.949999809265137,
  "COHR": 242.4600067138672,
  "PAHC": 50.0,
  "CASH": 92.37000274658203,
  "DGII": 44.97999954223633,
  "KMPR": 34.2400016784668,
  "MCK": 957.7999877929688,
  "ENSG": 197.16000366210938,
  "ATEN": 20.90999984741211,
  "WNC": 10.960000038146973,
  "HNRG": 20.860000610351562,
  "FORM": 94.87999725341797,
  "GFF": 94.83999633789062,
  "CENTA": 34.08000183105469,
  "BLBD": 59.209999084472656,
  "FCFS": 177.64999389648438,
  "BGS": 5.139999866485596,
  "GOOGL": 331.25,
  "FN": 503.989990234375,
  "GOOG": 331.3299865722656,
  "IDCC": 371.0799865722656,
  "CRS": 365.1099853515625,
  "SWKS": 60.91999816894531,
  "MRCY": 85.37000274658203,
  "CTRE": 38.84000015258789,
  "HOFT": 15.649999618530273,
  "GLW": 131.38999938964844,
  "DY": 415.2799987792969,
  "COR": 359.25,
  "UHS": 218.55999755859375,
  "CAH": 227.17999267578125,
  "MKSI": 250.60000610351562,
  "BDC": 139.75,
  "PWR": 508.1099853515625,
  "AFL": 117.47000122070312,
  "FLXS": 57.54999923706055,
  "CIEN": 289.67999267578125,
  "JBL": 265.9599914550781,
  "HII": 397.7699890136719,
  "FGL": 0.13539999723434448,
  "CEVA": 22.950000762939453,
  "RL": 342.8900146484375,
  "TPR": 154.64999389648438,
  "TLN": 324.6300048828125,
  "HCA": 513.760009765625,
  "CAMP": 4.329999923706055,
  "MPWR": 1155.989990234375,
  "HURN": 172.14999389648438,
  "MU": 394.69000244140625,
  "KN": 27.239999771118164,
  "IMAX": 37.279998779296875,
  "KLAC": 1442.949951171875,
  "ENVA": 161.10000610351562,
  "WELL": 195.9199981689453,
  "FCBC": 40.900001525878906,
  "GEV": 801.5399780273438,
  "ETSY": 57.81999969482422,
  "WDFC": 252.9600067138672,
  "AEIS": 257.6400146484375,
  "EGP": 188.47999572753906,
  "GVA": 130.17999267578125,
  "TXT": 95.44000244140625,
  "HMN": 44.65999984741211,
  "WMS": 170.02999877929688,
  "UBER": 75.20999908447266,
  "CI": 292.04998779296875,
  "BV": 13.550000190734863,
  "CMT": 20.549999237060547,
  "LQDT": 32.95000076293945,